taxon,phylo,state_name,state,total,tail_index,hf_hb,ear,logmass,hb
Aethomys_hindei,Aethomys_hindei,T,3,0.125459329,-0.037256423,-0.475244396,0.059882203,5.004483075,0.156366968
Aethomys_ineptus,Aethomys_ineptus,T,3,0.084028018,0.376771854,-0.426697873,0.059882203,4.678234757,-0.023046271
Aethomys_kaiseri,Aethomys_kaiseri,T,3,-0.270624011,-0.748570576,-1.431141089,0.564127103,4.529907701,-0.031201418
Aethomys_nyikae,Aethomys_nyikae,T,3,0.08568527,0.557013672,-0.572024238,0.171936625,4.502029427,-0.081763331
Aethomys_silindensis,Aethomys_silindensis,T,3,0.434536915,0.098792213,-0.756501024,0.545451366,4.415944853,0.410807562
Apodemus_agrarius,Apodemus_agrarius,T,3,-1.074391458,-1.032281756,-0.50907036,-1.415501023,3.068517943,-0.849978202
Apodemus_mystacinus,Apodemus_mystacinus,T,3,-0.516726002,0.243438157,0.396713794,0.26531531,3.715277928,-0.551499813
Apodemus_pallipes,Apodemus_pallipes,T,3,-0.976613563,-0.030921564,0.236980074,-0.687147279,3.169685581,-0.936422763
Apodemus_ponticus,Apodemus_ponticus,T,3,-0.892093687,0.463197428,1.097036535,-0.420084239,3.342861805,-0.955016498
Apodemus_semotus,Apodemus_semotus,T,3,-0.498496225,0.17179392,0.26078353,1.049696266,3.230409061,-0.515617165
Apodemus_speciosus,Apodemus_speciosus,T,3,-0.722225309,-0.370439834,-0.05868391,-0.74317449,3.65790465,-0.606954814
Apomys_abrae,Apomys_abrae,T,3,-0.201848033,-0.140424124,1.346972827,0.433396944,3.950089206,-0.137218333
Apomys_aurorae,Apomys_aurorae,T,3,-0.168702984,0.105428732,1.154039549,-0.033496482,4.317488114,-0.177994069
Apomys_banahao,Apomys_banahao,T,3,-0.251565607,-0.677378829,0.664189474,0.620154314,4.40060302,-0.031201418
Apomys_brownorum,Apomys_brownorum,T,3,-0.467008428,-0.595779814,1.190997547,0.340018258,4.276666119,-0.284010983
Apomys_camiguinensis,Apomys_camiguinensis,T,3,-0.338571362,1.063048232,2.492983968,-0.126875168,3.688879454,-0.610216873
Apomys_datae,Apomys_datae,T,3,-0.18941864,-0.10950398,0.621907019,0.246639573,4.254761284,0.037301818
Apomys_hylocetes,Apomys_hylocetes,T,3,-0.413147723,1.010257741,2.46166363,0.059882203,3.595667072,-0.659147756
Apomys_insignis,Apomys_insignis,T,3,-0.388288936,1.267573676,3.025116498,0.059882203,3.609294975,-0.70807864
Apomys_iridensis,Apomys_iridensis,T,3,-0.056838442,-0.066819097,1.144330245,0.059882203,4.564348191,-0.014891124
Apomys_lubangensis,Apomys_lubangensis,T,3,-0.065124705,-0.274361141,1.47820504,0.806911684,4.700480366,0.042194907
Apomys_magnus,Apomys_magnus,T,3,-0.085840361,-0.028508284,1.605678813,0.433396944,4.700480366,-0.05566686
Apomys_minganensis,Apomys_minganensis,T,3,-0.301283181,-0.233486218,0.809202636,-0.220253853,4.369447852,-0.210614658
Archboldomys_luzonensis,Archboldomys_luzonensis,T,3,-0.997329218,-1.615842922,2.82654556,-0.593768594,3.589611452,-0.964150263
Archboldomys_maximus,Archboldomys_maximus,T,3,-0.686594381,-0.61780099,1.48008426,-0.033496482,3.860729711,-0.512355106
Arvicanthis_abyssinicus,Arvicanthis_abyssinicus,T,3,-0.397403825,-0.893970671,-0.93346093,-0.388335486,4.531200666,-0.129063185
Arvicanthis_ansorgei,Arvicanthis_ansorgei,T,3,-0.109870521,-0.422325344,0.026194204,-0.014820745,4.73532087,0.042194907
Arvicanthis_blicki,Arvicanthis_blicki,T,3,-0.313712575,-1.751891558,-0.826971783,-0.126875168,4.852030264,0.205297852
Arvicanthis_nairobae,Arvicanthis_nairobae,T,3,-0.496010347,-1.156867314,-0.917487558,-0.500389908,4.510859507,-0.169838922
Arvicanthis_neumanni,Arvicanthis_neumanni,T,3,-0.433863379,-1.381302314,-0.919053575,-1.75166429,4.442651256,-0.039356566
Bandicota_indica,Bandicota_indica,T,3,1.832429372,-0.453396319,-0.463655871,1.927455907,6.028350807,2.080981718
Bandicota_savilei,Bandicota_savilei,T,3,0.465196085,-0.775267482,-0.905899033,0.806911684,5.437296394,0.776158159
Batomys_hamiguitan,Batomys_hamiguitan,T,3,0.026024181,-1.587486888,-0.828224597,0.713532999,5.153291594,0.56412433
Batomys_salomonseni,Batomys_salomonseni,T,3,0.316043363,-0.827303822,-0.686969876,0.433396944,5.224455518,0.661986097
Batomys_uragon,Batomys_uragon,T,3,0.30361397,-0.809807546,-0.588310813,0.246639573,5.814130532,0.613055214
Berylmys_berdmorei,Berylmys_berdmorei,T,3,0.614348808,-0.737409158,-1.012701383,0.90029037,5.459585514,0.922950809
Berylmys_manipulus,Berylmys_manipulus,T,3,0.204178822,0.092306524,4.04584629,0.806911684,4.753590191,0.188987557
Bullimus_bagobus,Bullimus_bagobus,T,3,1.351826156,-1.533489757,-0.797530666,1.553941166,6.047584922,2.118495396
Bullimus_gamay,Bullimus_gamay,T,3,0.775930923,-1.45913058,0.07317471,1.180426425,5.907539312,1.404104497
Bullimus_luzonicus,Bullimus_luzonicus,T,3,1.389114337,-0.660184212,0.024941391,2.581106703,6.103676538,1.722155239
Bunomys_andrewsi,Bunomys_andrewsi,T,3,0.043425332,-0.467875996,0.493493636,1.012344792,4.905274778,0.216715058
Bunomys_chrysocomus,Bunomys_chrysocomus,T,3,0.017737919,-0.465311887,-0.006378947,0.564127103,4.663910681,0.188987557
Bunomys_fratrorum,Bunomys_fratrorum,T,3,0.352502918,0.023980546,0.533583668,1.367183795,5.028213226,0.35861462
Bunomys_penitus,Bunomys_penitus,T,3,0.36078918,-0.090650233,0.438369843,1.143074951,4.976043849,0.409176533
Bunomys_torajae,Bunomys_torajae,T,3,0.366589564,-0.264104702,-0.195240581,1.329832321,4.76046307,0.479310799
Chrotomys_gonzalesi,Chrotomys_gonzalesi,T,3,-0.301283181,-2.129569811,-0.033940844,0.340018258,4.918520005,0.32762506
Chrotomys_mindorensis,Chrotomys_mindorensis,T,3,-0.11898541,-1.646008917,0.041227966,0.246639573,5.098279804,0.409176533
Chrotomys_sibuyanensis,Chrotomys_sibuyanensis,T,3,-0.47115156,-2.42006834,-0.162980633,-0.126875168,4.644390899,0.188987557
Chrotomys_silaceus,Chrotomys_silaceus,T,3,-0.247422476,-1.419160637,0.326556238,0.246639573,4.74927053,0.188987557
Chrotomys_whiteheadi,Chrotomys_whiteheadi,T,3,-0.139701066,-1.379944844,0.308077239,0.993669055,5.008900457,0.303159619
Cremnomys_cutchicus,Cremnomys_cutchicus,T,3,-0.338571362,0.712217714,-0.393811519,0.059882203,4.091005661,-0.512355106
Crunomys_celebensis,Crunomys_celebensis,T,3,-0.872206657,-1.220215903,0.135188978,-1.060662019,3.877431561,-0.584120402
Crunomys_melanius,Crunomys_melanius,T,3,-0.895408192,-1.143443446,0.584322614,-0.873904649,3.998200702,-0.626527167
Crunomys_suncoides,Crunomys_suncoides,T,3,-0.744598217,-0.241932696,1.011532015,-0.687147279,3.610917913,-0.659147756
Dacnomys_millardi,Dacnomys_millardi,T,3,1.276421169,0.938161014,0.246689378,1.927455907,5.125748101,0.818564925
Dasymys_incomtus,Dasymys_incomtus,T,3,0.00199402,-0.228810489,0.042167576,0.227963836,4.879234962,0.096018879
Dasymys_rufulus,Dasymys_rufulus,T,3,-0.078382724,0.031522045,0.387630896,-0.145550905,4.356708827,-0.067084066
Echiothrix_centrosa,Echiothrix_centrosa,T,3,1.227532221,0.634992768,0.973321203,2.674485388,5.533389489,0.922950809
Echiothrix_leucura,Echiothrix_leucura,T,3,1.335253632,0.17465969,0.837390939,2.487728018,4.153870542,1.249156699
Gracilimus_radix,Gracilimus_radix,T,3,-0.181132377,1.127000141,0.878733785,-1.24741939,3.713572067,-0.496044811
Halmaheramys_bokimekot,Halmaheramys_bokimekot,T,3,-0.197704902,-0.620063439,-0.596454101,-0.145550905,4.496470769,0.009574318
Heimyscus_fumosus,Heimyscus_fumosus,T,3,-0.974127684,1.162897674,0.318099747,-0.985959071,2.756840365,-1.168028945
Hybomys_badius,Hybomys_badius,T,3,-0.51506875,-0.247362575,0.678910033,-0.556417119,4.154184563,-0.424279516
Hybomys_lunaris,Hybomys_lunaris,T,3,-0.628590544,0.247510567,0.431479368,-0.500389908,3.990834186,-0.659147756
Hybomys_planifrons,Hybomys_planifrons,T,3,-0.645163069,-0.910712798,0.910367325,-0.42568696,3.918005077,-0.398183045
Hybomys_trivirgatus,Hybomys_trivirgatus,T,3,-0.620304282,-0.797288658,1.21354819,-0.500389908,4.061132428,-0.398183045
Hybomys_univittatus,Hybomys_univittatus,T,3,-0.614503898,-0.596835623,0.379487608,-0.780525964,3.959478947,-0.44058981
Hyorhinomys_stuempkei,Hyorhinomys_stuempkei,T,3,0.867079809,0.319154804,1.760088075,3.60827224,5.382198851,0.735382423
Komodomys_rintjanus,Komodomys_rintjanus,T,3,0.236495245,-0.551284971,-0.319582319,0.059882203,4.302036009,0.44832124
Lamottemys_okuensis,Lamottemys_okuensis,T,3,-0.398232451,-0.025340855,0.241051718,-0.593768594,4.025351691,-0.365562456
Leggadina_forresti,Leggadina_forresti,T,3,-1.018044874,-1.360487778,-1.096639887,-0.873904649,3.088311455,-0.724388934
Leggadina_lakedownensis,Leggadina_lakedownensis,T,3,-1.540079402,-1.791258181,-0.106917229,-1.620934131,2.931193752,-1.03428453
Lemniscomys_barbarus,Lemniscomys_barbarus,T,3,-0.626104665,0.743590349,0.794168874,-0.817877438,3.421979921,-0.776581877
Lemniscomys_bellieri,Lemniscomys_bellieri,T,3,-0.645163069,0.113121061,0.480025891,-0.705823016,3.583518938,-0.642837462
Lemniscomys_macculus,Lemniscomys_macculus,T,3,-0.751227227,0.365761266,0.316846934,-0.948607597,3.346389145,-0.802678348
Lemniscomys_rosalia,Lemniscomys_rosalia,T,3,-0.248251102,-0.121117888,-0.659721182,-1.564906919,3.935934825,-0.189411275
Lemniscomys_striatus,Lemniscomys_striatus,T,3,-0.428891622,0.575264099,0.607499664,-0.873904649,3.743130869,-0.556392901
Lemniscomys_zebra,Lemniscomys_zebra,T,3,-0.603731757,0.744796989,0.704592709,-0.855228912,3.586292865,-0.757009523
Leopoldamys_milleti,Leopoldamys_milleti,T,3,2.24674249,1.069232261,-0.426697873,2.114213277,5.818241473,1.575362589
Leopoldamys_neilli,Leopoldamys_neilli,T,3,1.558982715,0.831373393,-0.756501024,1.367183795,5.38907173,1.118674343
Leptomys_elegans,Leptomys_elegans,T,3,0.004479899,-0.095024302,1.124911636,0.227963836,4.44804843,0.055243142
Limnomys_bryophilus,Limnomys_bryophilus,T,3,0.009451656,1.01629094,1.035648674,0.489424155,4.160444364,-0.300321278
Macruromys_major,Macruromys_major,T,3,2.232655844,1.161238545,0.035903509,-0.519065645,5.868251169,1.506859352
Mammelomys_lanosus,Mammelomys_lanosus,T,3,-0.106556016,-1.007093151,0.244496955,-0.014820745,4.76046307,0.226501235
Mammelomys_rattoides,Mammelomys_rattoides,T,3,0.224894477,-1.701212687,-0.867688222,-0.873904649,5.357764825,0.841399337
Mastacomys_fuscus,Mastacomys_fuscus,T,3,-0.239136214,-1.480850096,-0.232824985,0.620154314,4.831189598,0.216715058
Mastomys_awashensis,Mastomys_awashensis,T,3,-0.487724084,-0.114933859,-0.708580908,-0.126875168,3.828641396,-0.430803634
Mastomys_coucha,Mastomys_coucha,T,3,-0.943468513,-0.600757203,-0.554484849,-0.350984012,3.747384183,-0.789630112
Mastomys_erythroleucus,Mastomys_erythroleucus,T,3,-0.606217636,-0.33348649,-0.713592162,-0.556417119,4.041998082,-0.496044811
Mastomys_huberti,Mastomys_huberti,T,3,-0.380002674,-0.734543389,-1.162725799,-0.201578116,4.079230924,-0.153528627
Mastomys_kollmannspergeri,Mastomys_kollmannspergeri,T,3,-0.321998837,-0.685372818,-0.819141699,-0.294956801,4.662495253,-0.104597744
Mastomys_natalensis,Mastomys_natalensis,T,3,-0.686594381,0.010707509,-0.351529064,-0.463038434,4.504576071,-0.659147756
Mastomys_pernanus,Mastomys_pernanus,T,3,-1.283205269,-0.61780099,-0.353721487,-0.892580386,2.944438979,-1.148456591
Maxomys_bartelsii,Maxomys_bartelsii,T,3,0.050882968,0.010707509,0.061586185,-0.276281064,4.556295018,0.066660348
Maxomys_hellwaldii,Maxomys_hellwaldii,T,3,0.717098461,-0.513728308,-1.134850699,0.302666784,5.313205979,0.940892133
Maxomys_hylomyoides,Maxomys_hylomyoides,T,3,-0.440492389,-0.176472488,0.495372856,-0.220253853,4.036008985,-0.367193485
Maxomys_moi,Maxomys_moi,T,3,0.379847583,0.205429004,0.232595227,1.012344792,4.990432587,0.317838884
Maxomys_musschenbroekii,Maxomys_musschenbroekii,T,3,-0.205991165,-0.457167068,0.607812867,0.171936625,4.440295543,-0.047511713
Maxomys_ochraceiventer,Maxomys_ochraceiventer,T,3,0.061655109,0.027902126,-0.156716566,0.171936625,5.068652598,0.071553437
Maxomys_pagensis,Maxomys_pagensis,T,3,0.640036221,-0.340273839,0.024941391,0.694857262,5.278114659,0.789206394
Maxomys_panglima,Maxomys_panglima,T,3,0.836420639,0.086122495,-0.250677577,0.993669055,5.068652598,0.807147718
Maxomys_rajah,Maxomys_rajah,T,3,0.382333462,0.032577855,0.10104981,0.620154314,5.010635294,0.384711091
Maxomys_surifer,Maxomys_surifer,T,3,0.538115194,-0.014179437,0.217874668,0.993669055,5.039805671,0.555969183
Maxomys_whiteheadi,Maxomys_whiteheadi,T,3,-0.670021856,-0.404376578,0.26266275,-0.687147279,3.895283681,-0.544975695
Melasmothrix_naso,Melasmothrix_naso,T,3,-0.762827994,-1.054152102,0.480652298,-0.687147279,3.860729711,-0.496044811
Micaelamys_namaquensis,Micaelamys_namaquensis,T,3,-0.327799221,1.29909714,0.552689074,-0.014820745,3.945457782,-0.667302904
Microhydromys_richardsoni,Microhydromys_richardsoni,T,3,-1.073562832,0.157766733,0.615329748,-1.75166429,2.264883226,-1.066905119
Millardia_kathleenae,Millardia_kathleenae,T,3,-0.107384643,-0.229262979,-0.979188622,0.340018258,4.532599493,-0.014891124
Millardia_meltada,Millardia_meltada,T,3,-0.504296609,-0.020966786,-0.266024543,0.620154314,4.207226719,-0.47157937
Mus_baoulei,Mus_baoulei,T,3,-1.624599278,-2.116749264,-0.497481835,-1.807691501,2.219203484,-1.345811154
Mus_booduga,Mus_booduga,T,3,-1.392583932,-1.154001544,-0.347144216,-0.537741382,2.616665639,-1.189232327
Mus_bufo,Mus_bufo,T,3,-1.35778163,-0.089896083,0.187180738,-1.471528234,2.265921109,-1.305035418
Mus_callewaerti,Mus_callewaerti,T,3,-1.369382398,-2.47300966,-1.422058192,-1.564906919,2.210469804,-0.972305411
Mus_caroli,Mus_caroli,T,3,-1.200342646,0.108596161,0.599356376,-1.060662019,2.660259537,-1.18107718
Mus_cookii,Mus_cookii,T,3,-1.028817015,-0.192158805,-0.184278462,-0.873904649,3.072693315,-0.957626146
Mus_crociduroides,Mus_crociduroides,T,3,-0.750398601,0.991856485,0.786965196,-1.24741939,3.356897123,-0.942946881
Mus_haussa,Mus_haussa,T,3,-1.749721839,-0.995328413,0.743743131,-2.031800345,1.098612289,-1.610037925
Mus_indutus,Mus_indutus,T,3,-1.687574872,-0.876474394,1.423707653,-1.620934131,1.874874376,-1.552951895
Mus_mahomet,Mus_mahomet,T,3,-1.477932434,-0.834242001,0.193444805,-1.471528234,2.317473705,-1.327869831
Mus_mattheyi,Mus_mattheyi,T,3,-1.727348931,-1.12383555,0.469376976,-2.031800345,2.253394849,-1.572524248
Mus_minutoides,Mus_minutoides,T,3,-1.682603114,-1.075720788,0.325616628,-2.087827557,1.928618652,-1.526855423
Mus_musculoides,Mus_musculoides,T,3,-1.143167436,-0.293969037,-0.083113773,-1.116689231,2.290512512,-1.055487913
Mus_neavei,Mus_neavei,T,3,-1.422414477,-2.977385091,-2.233254927,-1.620934131,2.079441542,-0.972305411
Mus_pahari,Mus_pahari,T,3,-1.026331137,-0.204828523,0.246062972,-1.060662019,3.161246712,-0.952733057
Mus_setulosus,Mus_setulosus,T,3,-1.338723227,-1.433941975,-1.419865768,-1.471528234,2.414126468,-1.086477472
Mus_sorella,Mus_sorella,T,3,-1.650286691,-1.509658621,0.031205458,-1.658285605,2.251291799,-1.443672921
Mus_spretus,Mus_spretus,T,3,-0.804259306,-2.889300386,-3.231434076,-1.284770864,2.747911735,-0.142111421
Mus_tenellus,Mus_tenellus,T,3,-1.712433659,-1.248873598,0.516670686,-2.06915182,2.249184316,-1.543165718
Mus_terricolor,Mus_terricolor,T,3,-1.382640418,-0.217799901,0.090400895,-1.527555445,2.116255515,-1.311559536
Mus_triton,Mus_triton,T,3,-1.401698821,-1.250985217,-0.240028663,-1.303446601,2.514465452,-1.185970268
Mylomys_dybowskii,Mylomys_dybowskii,T,3,0.325986878,-1.296083379,-1.356285483,-0.257605327,4.704834509,0.815302866
Myomyscus_brockmani,Myomyscus_brockmani,T,3,-0.707310036,1.193968649,0.837390939,-0.500389908,3.384390263,-0.952733057
Myomyscus_verreauxii,Myomyscus_verreauxii,T,3,-0.413147723,1.13137421,0.272998462,-0.313632538,3.749504076,-0.691768345
Nesokia_indica,Nesokia_indica,T,3,0.042596706,-1.527305728,-0.143875227,0.059882203,5.352047689,0.56412433
Niviventer_culturatus,Niviventer_culturatus,T,3,0.216608215,1.054903413,0.340337187,0.806911684,4.396545721,-0.137218333
Niviventer_eha,Niviventer_eha,T,3,0.017737919,1.488992076,0.817345924,-0.313632538,3.981549068,-0.447113928
Niviventer_hinpoon,Niviventer_hinpoon,T,3,-0.139701066,0.064252149,-0.889925661,-0.126875168,4.110873864,-0.137218333
Niviventer_tenaster,Niviventer_tenaster,T,3,0.506627397,1.058070843,-0.049287809,0.90029037,4.634728988,0.107436085
Notomys_alexis,Notomys_alexis,T,3,-0.363430149,0.750076038,2.985966076,1.180426425,3.912023005,-0.544975695
Notomys_aquilo,Notomys_aquilo,T,3,-0.114842279,1.624889882,4.36719295,0.246639573,3.725693427,-0.593906578
Notomys_cervinus,Notomys_cervinus,T,3,-0.321998837,1.170891663,3.431654476,1.553941166,3.747148362,-0.626527167
Notomys_fuscus,Notomys_fuscus,T,3,-0.587159232,0.506787291,2.974690755,1.180426425,3.614694556,-0.683613198
Notomys_mitchelli,Notomys_mitchelli,T,3,-0.15627359,0.818703675,2.452267529,0.993669055,3.912023005,-0.38187275
Otomys_angoniensis,Otomys_angoniensis,T,3,0.001165394,-3.54571243,-3.18821201,-0.033496482,4.64554408,1.167605227
Otomys_barbouri,Otomys_barbouri,T,3,-0.355143887,-2.876329009,-2.040948056,0.620154314,4.768988271,0.466262564
Otomys_burtoni,Otomys_burtoni,T,3,-0.537441658,-2.503175655,-0.795338243,0.806911684,4.49980967,0.123746379
Otomys_irroratus,Otomys_irroratus,T,3,-0.3302851,-1.823686626,-0.593322067,0.246639573,4.861593763,0.205297852
Otomys_lacustris,Otomys_lacustris,T,3,-0.317855706,-1.596084196,-0.752742584,0.246639573,4.845760651,0.156366968
Otomys_laminatus,Otomys_laminatus,T,3,0.075741755,-2.1929184,-2.09701146,0.246639573,5.239098007,0.825089042
Otomys_occidentalis,Otomys_occidentalis,T,3,-0.645163069,-2.207398077,-0.686030266,0.059882203,4.343805422,-0.088287449
Otomys_orestes,Otomys_orestes,T,3,-0.516726002,-2.441486196,-1.402013176,0.433396944,4.845760651,0.135163585
Otomys_sloggetti,Otomys_sloggetti,T,3,-0.910323464,-2.582964711,0.086642455,-0.313632538,4.430816799,-0.349252161
Otomys_tropicalis,Otomys_tropicalis,T,3,-0.326141969,-2.793674183,-1.768461122,0.676181525,4.712229258,0.482572858
Otomys_unisulcatus,Otomys_unisulcatus,T,3,-0.388288936,-1.904531491,-1.070017601,0.806911684,4.65396035,0.156366968
Papagomys_armandvillei,Papagomys_armandvillei,T,3,3.932996877,-0.803472687,-0.605536999,2.114213277,7.60090246,4.568301628
Paramelomys_levipes,Paramelomys_levipes,T,3,-0.142186944,-0.157920401,0.663563068,-0.23892959,4.449802099,-0.071977155
Paramelomys_platyops,Paramelomys_platyops,T,3,-0.133900682,-1.528512368,-1.298029656,-0.444362697,4.680277658,0.355352561
Paramelomys_rubex,Paramelomys_rubex,T,3,-0.496010347,0.105428732,0.666381898,-0.556417119,3.864512023,-0.496044811
Parotomys_littledalei,Parotomys_littledalei,T,3,-0.313712575,-1.28959769,-1.291452385,-0.126875168,4.753590191,0.074815496
Paucidentomys_vermidax,Paucidentomys_vermidax,T,3,0.527343053,0.749321888,0.365080253,0.340018258,4.639571613,0.246073588
Pelomys_campanae,Pelomys_campanae,T,3,-0.081697229,0.036801094,0.141453045,-0.257605327,4.343805422,-0.071977155
Pelomys_fallax,Pelomys_fallax,T,3,-0.15627359,-0.366367424,-4.28E-04,-1.957097397,4.724995579,-0.023046271
Praomys_degraaffi,Praomys_degraaffi,T,3,-0.43800651,0.783258632,0.501010517,-0.780525964,3.666122467,-0.62000305
Praomys_derooi,Praomys_derooi,T,3,-0.71311042,0.669834492,0.084136828,-1.004634808,3.465735903,-0.836929966
Praomys_lukolelae,Praomys_lukolelae,T,3,-0.280567526,0.505882311,0.821730771,0.601478577,3.729301369,-0.401445103
Praomys_obscurus,Praomys_obscurus,T,3,-0.139701066,1.080393679,0.196263635,0.07855794,3.854393893,-0.447113928
Pseudohydromys_ellermani,Pseudohydromys_ellermani,T,3,-0.835747103,0.163045782,-0.070272435,-1.583582657,3.08876714,-0.838560996
Pseudomys_albocinereus,Pseudomys_albocinereus,T,3,-0.694880643,0.186122768,0.638820001,-0.126875168,3.488902962,-0.70807864
Pseudomys_apodemoides,Pseudomys_apodemoides,T,3,-0.819174578,0.764857375,1.18567309,-0.126875168,2.833213344,-0.952733057
Pseudomys_australis,Pseudomys_australis,T,3,-0.321998837,-0.569384568,-0.106917229,0.993669055,4.317488114,-0.2350801
Pseudomys_calabyi,Pseudomys_calabyi,T,3,-1.127423537,-0.267272132,-0.138863973,-1.24741939,2.815408719,-1.044070706
Pseudomys_chapmani,Pseudomys_chapmani,T,3,-1.458874031,0.280994821,1.117394755,-1.807691501,2.440606391,-1.455090128
Pseudomys_delicatulus,Pseudomys_delicatulus,T,3,-1.192056384,0.253996256,0.698328642,-1.43417676,2.466403178,-1.197387475
Pseudomys_desertor,Pseudomys_desertor,T,3,-0.736311955,-0.348418657,-0.554484849,-0.873904649,3.401197382,-1.066905119
Pseudomys_fieldi,Pseudomys_fieldi,T,3,-0.570586708,0.338611871,0.86902448,-0.126875168,3.776890331,-0.626527167
Pseudomys_fumeus,Pseudomys_fumeus,T,3,-0.239136214,0.84871884,0.750633605,0.433396944,4.382026635,-0.463424222
Pseudomys_gracilicaudatus,Pseudomys_gracilicaudatus,T,3,-0.487724084,-0.61780099,-0.072778062,-0.313632538,4.49980967,-0.300321278
Pseudomys_hermannsburgensis,Pseudomys_hermannsburgensis,T,3,-1.192056384,0.253996256,1.115828738,-0.873904649,2.634762405,-1.197387475
Pseudomys_higginsi,Pseudomys_higginsi,T,3,-0.031979655,0.752036827,1.423707653,0.993669055,4.175617282,-0.251390394
Pseudomys_johnsoni,Pseudomys_johnsoni,T,3,-1.059476186,0.84871884,0.352238915,-1.396825286,2.772588722,-1.18107718
Pseudomys_nanus,Pseudomys_nanus,T,3,-0.761170742,-0.244345976,0.499131297,-0.873904649,3.954890906,-0.675458051
Pseudomys_novaehollandiae,Pseudomys_novaehollandiae,T,3,-0.86060589,0.590799586,0.837390939,-0.313632538,2.990719732,-0.952733057
Pseudomys_occidentalis,Pseudomys_occidentalis,T,3,-0.670021856,1.394421683,2.683098415,0.059882203,3.80666249,-0.969043352
Pseudomys_oralis,Pseudomys_oralis,T,3,-0.239136214,-0.268629602,0.787904806,0.433396944,4.553876892,-0.137218333
Pseudomys_shortridgei,Pseudomys_shortridgei,T,3,-0.446292773,-1.06667099,-0.554484849,-0.687147279,4.17438727,-0.137218333
Rattus_colletti,Rattus_colletti,T,3,-0.102412885,-0.943744562,-0.974803775,0.059882203,4.9868889,0.211495764
Rattus_facetus,Rattus_facetus,T,3,1.252391008,0.84871884,0.071921896,0.993669055,5.164785974,0.841399337
Rattus_leucopus,Rattus_leucopus,T,3,0.652465614,-0.488539703,-0.781557294,0.097233677,5.327147748,0.86260272
Rattus_lutreolus,Rattus_lutreolus,T,3,-0.222563689,-1.23575139,-0.888672848,0.059882203,4.677490848,0.163706601
Rattus_niobe,Rattus_niobe,T,3,-0.421433985,0.193211776,0.221946312,-0.332308275,3.860519163,-0.447113928
Rattus_praetor,Rattus_praetor,T,3,0.531486184,-0.620817589,-1.165857833,-0.276281064,5.281018602,0.787575365
Rattus_sordidus,Rattus_sordidus,T,3,-0.015407131,-1.030320966,-1.147378834,0.059882203,5.10533923,0.335780208
Rattus_tunneyi,Rattus_tunneyi,T,3,-0.239136214,-0.603773802,-0.490278158,0.059882203,5.131613221,-0.039356566
Rattus_verecundus,Rattus_verecundus,T,3,0.161918884,0.081748426,-0.304235354,-0.23892959,4.505460342,0.15147388
Rattus_villosissimus,Rattus_villosissimus,T,3,0.038453575,-0.299851406,-0.475244396,0.059882203,5.33286371,0.156366968
Rattus_xanthurus,Rattus_xanthurus,T,3,2.155593604,0.879488155,-0.904019813,0.806911684,5.713732806,1.612876266
Rhynchomys_banahao,Rhynchomys_banahao,T,3,0.113029936,-1.352795449,-0.113181297,0.90029037,4.976733742,0.588589772
Rhynchomys_isarogensis,Rhynchomys_isarogensis,T,3,-0.094126623,-2.02217887,-0.621510371,0.433396944,4.80729437,0.629365508
Rhynchomys_soricoides,Rhynchomys_soricoides,T,3,0.262182658,-0.822175603,0.094159336,0.806911684,5.187385806,0.572279478
Rhynchomys_tapulao,Rhynchomys_tapulao,T,3,0.001165394,-1.275570503,0.161498061,0.90029037,4.959342,0.433641975
Saxatilomys_paulinae,Saxatilomys_paulinae,T,3,0.158604379,0.437556333,-0.136984753,0.993669055,4.753590191,0.025884612
Soricomys_leonardcoi,Soricomys_leonardcoi,T,3,-0.868892152,-0.650078604,0.009594425,-1.060662019,3.433987204,-0.699923493
Soricomys_montanus,Soricomys_montanus,T,3,-0.89789407,-0.207090973,0.851798295,-1.060662019,3.295836866,-0.822250701
Soricomys_musseri,Soricomys_musseri,T,3,-0.910323464,-0.308448715,0.176845026,-0.967283334,3.433987204,-0.814095554
Stenocephalemys_albocaudata,Stenocephalemys_albocaudata,T,3,0.050882968,-0.55792149,-0.707328095,1.367183795,4.919980926,0.254228735
Stenocephalemys_griseicauda,Stenocephalemys_griseicauda,T,3,-0.023693393,-0.295024847,-0.717037399,0.806911684,4.525910505,0.09112579
Sundamys_muelleri,Sundamys_muelleri,T,3,2.060301587,0.835747462,-0.780617684,0.713532999,5.705248067,1.555790236
Tarsomys_apoensis,Tarsomys_apoensis,T,3,-0.099927006,-0.099700032,-0.038012487,0.153260888,4.339901708,-0.047511713
Tateomys_macrocercus,Tateomys_macrocercus,T,3,-0.172846115,1.475568209,1.758208855,-0.065245235,3.688879454,-0.593906578
Tateomys_rhinogradoides,Tateomys_rhinogradoides,T,3,0.079884886,0.438461313,1.199767242,0.433396944,4.460144414,-0.047511713
Tokudaia_muenninki,Tokudaia_muenninki,T,3,-0.239136214,-1.385827213,0.424275691,0.732208736,5.17840707,0.188987557
Tokudaia_osimensis,Tokudaia_osimensis,T,3,-0.278081647,-1.032583416,-0.450814533,0.470748418,4.617395156,0.042194907
Tokudaia_tokunoshimensis,Tokudaia_tokunoshimensis,T,3,-0.404861461,-0.411616416,1.486035124,0.526775629,5.192956851,-0.267700689
Xenuromys_barbatus,Xenuromys_barbatus,T,3,2.313032588,-0.693819296,-0.584239169,1.647319851,6.895328384,2.733393498
Xeromys_myoides,Xeromys_myoides,T,3,-0.675822239,-0.589746615,-0.143248821,-0.873904649,3.816612821,-0.507462018
Zelotomys_hildegardeae,Zelotomys_hildegardeae,T,3,-0.73299745,-0.33333566,-0.468980328,-0.500389908,4.053696164,-0.626527167
Zyzomys_argurus,Zyzomys_argurus,T,3,-0.446292773,0.164554081,-0.29358644,-0.313632538,4.094344562,-1.03428453
Zyzomys_maini,Zyzomys_maini,T,3,-0.023693393,0.112668571,-0.16830509,-0.126875168,4.543294782,0.025884612
Zyzomys_palatalis,Zyzomys_palatalis,T,3,-0.346857624,0.157465073,1.135873754,1.553941166,4.744932128,-0.365562456
Zyzomys_woodwardi,Zyzomys_woodwardi,T,3,-0.280567526,-0.871497005,-0.554484849,0.433396944,4.905274778,0.025884612